first,second,third
IT_과학,IT_과학일반,
IT_과학,과학,
IT_과학,모바일,
IT_과학,보안,
IT_과학,인터넷_SNS,
IT_과학,콘텐츠,
경제,경제일반,
경제,국제경제,
경제,금융_재테크,
경제,무역,
경제,반도체,
경제,부동산,
경제,산업_기업,
경제,서비스_쇼핑,
경제,외환,
경제,유통,
경제,자동차,
경제,자원,
경제,증권_증시,
경제,취업_창업,
국제,국제일반,
국제,러시아,
국제,미국_북미,
국제,아시아,
국제,유럽_EU,
국제,일본,
국제,중국,
국제,중남미,
국제,중동_아프리카,
문화,문화일반,
문화,미술_건축,
문화,방송_연예,
문화,생활,
문화,영화,
문화,요리_여행,
문화,음악,
문화,전시_공연,
문화,종교,
문화,출판,
문화,학술_문화재,
사회,교육_시험,
사회,날씨,
사회,노동_복지,
사회,미디어,
사회,사건_사고,
사회,사회일반,
사회,여성,
사회,의료_건강,
사회,장애인,
사회,환경,
스포츠,골프,
스포츠,농구_배구,
스포츠,스포츠일반,
스포츠,야구,메이저리그
스포츠,야구,일본프로야구
스포츠,야구,한국프로야구
스포츠,야구,
스포츠,올림픽_아시안게임,
스포츠,월드컵,
스포츠,축구,국가대표팀
스포츠,축구,한국프로축구
스포츠,축구,해외축구
스포츠,축구,
지역,강원,
지역,경기,
지역,경남,
지역,경북,
지역,광주,
지역,대구,
지역,대전,
지역,부산,
지역,울산,
지역,전남,
지역,전북,
지역,제주,
지역,지역일반,
지역,충남,
지역,충북,
