name,section,abc,local
경향신문,일간지,ㄱ,
광주일보,일간지,ㄱ,광주
국민일보,일간지,ㄱ,
내일신문,일간지,ㄴ,
동아일보,일간지,ㄷ,
매일일보,일간지,ㅁ,
문화일보,일간지,ㅁ,
서울신문,일간지,ㅅ,
세계일보,일간지,ㅅ,
신아일보,일간지,ㅅ,
아시아투데이,일간지,ㅇ,
울산신문,일간지,ㅇ,울산
전국매일신문,일간지,ㅈ,
조선일보,일간지,ㅈ,
중앙일보,일간지,ㅈ,
천지일보,일간지,ㅊ,
한겨레,일간지,ㅎ,
한국일보,일간지,ㅎ,
가톨릭평화방송·평화신문,방송/통신,ㄱ,
경인방송,방송/통신,ㄱ,인천
광주MBC,방송/통신,ㄱ,광주
국제뉴스,방송/통신,ㄱ,
국회방송,방송/통신,ㄱ,
내외경제tv,방송/통신,ㄴ,
뉴스1,방송/통신,ㄴ,
뉴스웍스,방송/통신,ㄴ,
뉴스핌,방송/통신,ㄴ,
뉴시스,방송/통신,ㄴ,
대전MBC,방송/통신,ㄷ,대전
디지틀조선TV,방송/통신,ㄷ,
머니투데이방송,방송/통신,ㅁ,
목포MBC,방송/통신,ㅁ,전남
부산MBC,방송/통신,ㅂ,부산
서울경제TV,방송/통신,ㅅ,
안동MBC,방송/통신,ㅇ,경북
여수MBC,방송/통신,ㅇ,전남
연합뉴스,방송/통신,ㅇ,
연합뉴스TV,방송/통신,ㅇ,
울산MBC,방송/통신,ㅇ,울산
제주MBC,방송/통신,ㅈ,제주
채널A,방송/통신,ㅊ,
춘천MBC,방송/통신,ㅊ,강원
팍스경제TV,방송/통신,ㅍ,
포항MBC,방송/통신,ㅍ,경북
한국경제TV,방송/통신,ㅎ,
Arirang TV,방송/통신,ABC,
BBC,방송/통신,ABC,
BTN불교TV,방송/통신,ABC,
CMB광주방송,방송/통신,ABC,광주
CMB대전방송,방송/통신,ABC,대전
EBS,방송/통신,ABC,
G1방송,방송/통신,ABC,강원
HCN 새로넷방송,방송/통신,ABC,경북
HCN충북방송,방송/통신,ABC,충북
JTBC,방송/통신,ABC,
JTV전주방송,방송/통신,ABC,전북
KBS,방송/통신,ABC,
KNN,방송/통신,ABC,부산
KTV국민방송,방송/통신,ABC,
LG헬로비전,방송/통신,ABC,
MBC,방송/통신,ABC,
MBC강원영동,방송/통신,ABC,강원
MBC경남,방송/통신,ABC,경남
MBC충북,방송/통신,ABC,충북
MBN,방송/통신,ABC,
NSP통신,방송/통신,ABC,
OBS,방송/통신,ABC,경기
SBS,방송/통신,ABC,
SBS Biz,방송/통신,ABC,
SK브로드밴드,방송/통신,ABC,
TBC,방송/통신,ABC,대구
TBS,방송/통신,ABC,
TJB대전방송,방송/통신,ABC,대전
TV조선,방송/통신,ABC,
ubc울산방송,방송/통신,ABC,울산
YTN,방송/통신,ABC,
YTN라디오,방송/통신,ABC,
YTN사이언스,방송/통신,ABC,
게임톡,경제/IT,ㄱ,
게임포커스,경제/IT,ㄱ,
글로벌이코노믹,경제/IT,ㄱ,
나이스경제,경제/IT,ㄴ,
넥스트데일리,경제/IT,ㄴ,
녹색경제신문,경제/IT,ㄴ,
뉴스토마토,경제/IT,ㄴ,
대한경제,경제/IT,ㄷ,
대한금융신문,경제/IT,ㄷ,
더리브스,경제/IT,ㄷ,
더벨,경제/IT,ㄷ,
데이터넷,경제/IT,ㄷ,
데일리경제,경제/IT,ㄷ,
디아이투데이,경제/IT,ㄷ,
디지털데일리,경제/IT,ㄷ,
디지털타임스,경제/IT,ㄷ,
디지털투데이,경제/IT,ㄷ,
딜라이트닷넷,경제/IT,ㄷ,
매일경제,경제/IT,ㅁ,
매일경제TV,경제/IT,ㅁ,
머니투데이,경제/IT,ㅁ,
바이라인네트워크,경제/IT,ㅂ,
베타뉴스,경제/IT,ㅂ,
벤처스퀘어,경제/IT,ㅂ,
보안뉴스,경제/IT,ㅂ,
브릿지경제,경제/IT,ㅂ,
블로터,경제/IT,ㅂ,
비즈니스포스트,경제/IT,ㅂ,
비즈워치,경제/IT,ㅂ,
비즈한국,경제/IT,ㅂ,
서울경제,경제/IT,ㅅ,
서울파이낸스,경제/IT,ㅅ,
시장경제신문,경제/IT,ㅅ,
씨넷코리아,경제/IT,ㅅ,
아시아경제,경제/IT,ㅇ,
아시아타임즈,경제/IT,ㅇ,
아유경제,경제/IT,ㅇ,
아이티데일리,경제/IT,ㅇ,
아주경제,경제/IT,ㅇ,
앱스토리,경제/IT,ㅇ,
에너지경제,경제/IT,ㅇ,
에이빙뉴스,경제/IT,ㅇ,
이뉴스투데이,경제/IT,ㅇ,
이데일리,경제/IT,ㅇ,
이코노뉴스,경제/IT,ㅇ,
이투뉴스,경제/IT,ㅇ,
이투데이,경제/IT,ㅇ,
전자신문,경제/IT,ㅈ,
정보통신신문,경제/IT,ㅈ,
조선비즈,경제/IT,ㅈ,
조세일보,경제/IT,ㅈ,
중소기업신문,경제/IT,ㅈ,
증권경제신문,경제/IT,ㅈ,
지디넷코리아,경제/IT,ㅈ,
초이스경제,경제/IT,ㅊ,
케이벤치,경제/IT,ㅋ,
코인리더스,경제/IT,ㅋ,
테크노아,경제/IT,ㅌ,
테크월드,경제/IT,ㅌ,
테크홀릭,경제/IT,ㅌ,
투데이에너지,경제/IT,ㅌ,
파이낸셜뉴스,경제/IT,ㅍ,
파이낸셜신문,경제/IT,ㅍ,
프라임경제,경제/IT,ㅍ,
프레스나인,경제/IT,ㅍ,
핀포인트뉴스,경제/IT,ㅍ,
한국경제,경제/IT,ㅎ,
한국금융경제신문,경제/IT,ㅎ,
헤럴드경제,경제/IT,ㅎ,
CBC뉴스,경제/IT,ABC,
CCTV뉴스,경제/IT,ABC,
CEO스코어데일리,경제/IT,ABC,
CIO Korea,경제/IT,ABC,
ITWorld,경제/IT,ABC,
IT비즈뉴스,경제/IT,ABC,
NBN NEWS,경제/IT,ABC,
NBN미디어,경제/IT,ABC,
ㅍㅍㅅㅅ,인터넷신문,ㅍ,
가톨릭프레스,인터넷신문,ㄱ,
건강다이제스트,인터넷신문,ㄱ,
게임동아,인터넷신문,ㄱ,
게임조선,인터넷신문,ㄱ,
경인매일,인터넷신문,ㄱ,경기
고발뉴스,인터넷신문,ㄱ,
골프한국,인터넷신문,ㄱ,
공공뉴스,인터넷신문,ㄱ,
공생공사닷컴,인터넷신문,ㄱ,
광명지역신문,인터넷신문,ㄱ,경기
굿모닝경제,인터넷신문,ㄱ,
글로벌E,인터넷신문,ㄱ,
글로벌경제,인터넷신문,ㄱ,
글로벌에픽,인터넷신문,ㄱ,
금융소비자뉴스,인터넷신문,ㄱ,
기계설비신문,인터넷신문,ㄱ,
기계신문,인터넷신문,ㄱ,
노동과희망,인터넷신문,ㄴ,
노컷뉴스,인터넷신문,ㄴ,
노트펫,인터넷신문,ㄴ,
뉴데일리,인터넷신문,ㄴ,
뉴스드림,인터넷신문,ㄴ,
뉴스락,인터넷신문,ㄴ,
뉴스로드,인터넷신문,ㄴ,
뉴스메이커,인터넷신문,ㄴ,
뉴스민,인터넷신문,ㄴ,대구
뉴스버스,인터넷신문,ㄴ,
뉴스앤조이,인터넷신문,ㄴ,
뉴스워치,인터넷신문,ㄴ,
뉴스워커,인터넷신문,ㄴ,
뉴스웨이,인터넷신문,ㄴ,
뉴스웰,인터넷신문,ㄴ,
뉴스제주,인터넷신문,ㄴ,제주
뉴스캠프,인터넷신문,ㄴ,
뉴스케이프,인터넷신문,ㄴ,
뉴스퀘스트,인터넷신문,ㄴ,
뉴스클레임,인터넷신문,ㄴ,
뉴스톱,인터넷신문,ㄴ,
뉴스투데이,인터넷신문,ㄴ,
뉴스트리코리아,인터넷신문,ㄴ,
뉴스티앤티,인터넷신문,ㄴ,대전
뉴스펭귄,인터넷신문,ㄴ,
뉴스프리존,인터넷신문,ㄴ,
뉴스후플러스,인터넷신문,ㄴ,
뉴시안,인터넷신문,ㄴ,
단디뉴스,인터넷신문,ㄷ,경남
단비뉴스,인터넷신문,ㄷ,충북
대학저널,인터넷신문,ㄷ,
대한민국 정책브리핑,인터넷신문,ㄷ,
대한전문건설신문,인터넷신문,ㄷ,
더구루,인터넷신문,ㄷ,
더드라이브,인터넷신문,ㄷ,
더리포트,인터넷신문,ㄷ,
더밸류뉴스,인터넷신문,ㄷ,
더파워,인터넷신문,ㄷ,
더팩트,인터넷신문,ㄷ,
더퍼블릭,인터넷신문,ㄷ,
더퍼스트,인터넷신문,ㄷ,
데이터솜,인터넷신문,ㄷ,
데일리365,인터넷신문,ㄷ,
데일리안,인터넷신문,ㄷ,
데일리임팩트,인터넷신문,ㄷ,
데일리팜,인터넷신문,ㄷ,
데일리팝,인터넷신문,ㄷ,
데일리한국,인터넷신문,ㄷ,
디센터,인터넷신문,ㄷ,
디스커버리뉴스,인터넷신문,ㄷ,
디지털비즈온,인터넷신문,ㄷ,
디지틀조선일보,인터넷신문,ㄷ,
딜사이트,인터넷신문,ㄷ,
딴지일보,인터넷신문,ㄷ,
땅집고,인터넷신문,ㄷ,
라이센스뉴스,인터넷신문,ㄹ,
라이프인,인터넷신문,ㄹ,
로봇신문,인터넷신문,ㄹ,
로톡뉴스,인터넷신문,ㄹ,
리버티코리아포스트,인터넷신문,ㄹ,
리얼푸드,인터넷신문,ㄹ,
마켓뉴스,인터넷신문,ㅁ,
매일노동뉴스,인터넷신문,ㅁ,
매일안전신문,인터넷신문,ㅁ,
머니S,인터넷신문,ㅁ,
메가경제,인터넷신문,ㅁ,
메디게이트뉴스,인터넷신문,ㅁ,
메디소비자뉴스,인터넷신문,ㅁ,
메디코파마뉴스,인터넷신문,ㅁ,
메트로신문,인터넷신문,ㅁ,
문화저널21,인터넷신문,ㅁ,
미디어오늘,인터넷신문,ㅁ,
미디어워치,인터넷신문,ㅁ,
미디어펜,인터넷신문,ㅁ,
민주신문,인터넷신문,ㅁ,
민중의소리,인터넷신문,ㅁ,
바이오스펙테이터,인터넷신문,ㅂ,
바이오타임즈,인터넷신문,ㅂ,
법률방송뉴스,인터넷신문,ㅂ,
불교공뉴스,인터넷신문,ㅂ,
불교닷컴,인터넷신문,ㅂ,
불교포커스,인터넷신문,ㅂ,
뷰스앤뉴스,인터넷신문,ㅂ,
뷰어스,인터넷신문,ㅂ,
브레이크뉴스,인터넷신문,ㅂ,
비마이너,인터넷신문,ㅂ,
비욘드포스트,인터넷신문,ㅂ,
비즈니스플러스,인터넷신문,ㅂ,
비즈트리뷴,인터넷신문,ㅂ,
빅데이터뉴스,인터넷신문,ㅂ,
산업일보,인터넷신문,ㅅ,
서울와이어,인터넷신문,ㅅ,
서울이코노미뉴스,인터넷신문,ㅅ,
서울타임즈뉴스,인터넷신문,ㅅ,
세계비즈,인터넷신문,ㅅ,
세종의 소리,인터넷신문,ㅅ,세종
소믈리에타임즈,인터넷신문,ㅅ,
소비자가 만드는 신문,인터넷신문,ㅅ,
수원일보,인터넷신문,ㅅ,경기
스마트경제,인터넷신문,ㅅ,
스마트에프엔,인터넷신문,ㅅ,
스마트타임스,인터넷신문,ㅅ,
스마트투데이,인터넷신문,ㅅ,
스카이데일리,인터넷신문,ㅅ,
스트레이트뉴스,인터넷신문,ㅅ,
슬로우뉴스,인터넷신문,ㅅ,
시민일보,인터넷신문,ㅅ,
시빅뉴스,인터넷신문,ㅅ,부산
시사뉴스24,인터넷신문,ㅅ,충남
시사위크,인터넷신문,ㅅ,
시사저널이코노미,인터넷신문,ㅅ,
시사캐스트,인터넷신문,ㅅ,
시사포커스,인터넷신문,ㅅ,
시선뉴스,인터넷신문,ㅅ,
아시아에이,인터넷신문,ㅇ,
아시아엔,인터넷신문,ㅇ,
아이뉴스24,인터넷신문,ㅇ,
아이투자,인터넷신문,ㅇ,
아이티비즈,인터넷신문,ㅇ,
아트인사이트,인터넷신문,ㅇ,
안전신문,인터넷신문,ㅇ,
에너지데일리,인터넷신문,ㅇ,
에듀프레스,인터넷신문,ㅇ,
엠투데이,인터넷신문,ㅇ,
여론과뉴스,인터넷신문,ㅇ,
여성경제신문,인터넷신문,ㅇ,
여수넷통뉴스,인터넷신문,ㅇ,전남
열린뉴스통신,인터넷신문,ㅇ,
오늘경제,인터넷신문,ㅇ,
오마이뉴스,인터넷신문,ㅇ,
오피니언뉴스,인터넷신문,ㅇ,
우먼스플라워,인터넷신문,ㅇ,
우먼타임스,인터넷신문,ㅇ,
워크투데이,인터넷신문,ㅇ,
위메이크뉴스,인터넷신문,ㅇ,
위키리크스한국,인터넷신문,ㅇ,
위키트리,인터넷신문,ㅇ,
의사신문,인터넷신문,ㅇ,
의학채널 비온뒤,인터넷신문,ㅇ,
이넷뉴스,인터넷신문,ㅇ,
이로운넷,인터넷신문,ㅇ,
이슈앤비즈,인터넷신문,ㅇ,
이지경제,인터넷신문,ㅇ,
이코노미톡뉴스,인터넷신문,ㅇ,
이코노텔링,인터넷신문,ㅇ,
이코리아,인터넷신문,ㅇ,
인공지능신문,인터넷신문,ㅇ,
인더뉴스,인터넷신문,ㅇ,
인더스트리뉴스,인터넷신문,ㅇ,
인민망,인터넷신문,ㅇ,
인베스트조선,인터넷신문,ㅇ,
인사이드 비나,인터넷신문,ㅇ,
인사이트,인터넷신문,ㅇ,
인천in,인터넷신문,ㅇ,인천
인천뉴스,인터넷신문,ㅇ,인천
임팩트온,인터넷신문,ㅇ,
전남매일,인터넷신문,ㅈ,광주
전북의소리,인터넷신문,ㅈ,전북
조세금융신문,인터넷신문,ㅈ,
중기이코노미,인터넷신문,ㅈ,
중앙신문,인터넷신문,ㅈ,경기
지피코리아,인터넷신문,ㅈ,
직썰,인터넷신문,ㅈ,
철도경제신문,인터넷신문,ㅊ,
청년일보,인터넷신문,ㅊ,
충청뉴스,인터넷신문,ㅊ,대전
컨슈머치,인터넷신문,ㅋ,
코리아리포트,인터넷신문,ㅋ,
키즈맘,인터넷신문,ㅋ,
토요경제,인터넷신문,ㅌ,
토큰포스트,인터넷신문,ㅌ,
톱데일리,인터넷신문,ㅌ,
투데이신문,인터넷신문,ㅌ,
투데이코리아,인터넷신문,ㅌ,
티티엘뉴스,인터넷신문,ㅌ,
파이낸셜리뷰,인터넷신문,ㅍ,
파이낸셜투데이,인터넷신문,ㅍ,
팜뉴스,인터넷신문,ㅍ,
팝콘뉴스,인터넷신문,ㅍ,
패션엔,인터넷신문,ㅍ,
팩트TV,인터넷신문,ㅍ,
펜앤드마이크,인터넷신문,ㅍ,
포쓰저널,인터넷신문,ㅍ,
포인트경제,인터넷신문,ㅍ,
폴리뉴스,인터넷신문,ㅍ,
푸드경제신문 organiclife,인터넷신문,ㅍ,
프레스맨,인터넷신문,ㅍ,
프레시안,인터넷신문,ㅍ,
하비엔뉴스,인터넷신문,ㅎ,
한강타임즈,인터넷신문,ㅎ,
한국NGO신문,인터넷신문,ㅎ,
한국강사신문,인터넷신문,ㅎ,
한국농어촌방송,인터넷신문,ㅎ,
한국정경신문,인터넷신문,ㅎ,
허프포스트코리아,인터넷신문,ㅎ,
헬로디디,인터넷신문,ㅎ,
헬스인뉴스,인터넷신문,ㅎ,
현대경제신문,인터넷신문,ㅎ,
환경과조경,인터넷신문,ㅎ,
히트뉴스,인터넷신문,ㅎ,
1코노미뉴스,인터넷신문,ABC,
AI타임스,인터넷신문,ABC,
AP신문,인터넷신문,ABC,
BBS NEWS,인터넷신문,ABC,
bnt뉴스,인터넷신문,ABC,
CNB뉴스,인터넷신문,ABC,
CWN,인터넷신문,ABC,
FETV,인터넷신문,ABC,
ifspost,인터넷신문,ABC,
IT조선,인터넷신문,ABC,
KPI뉴스,인터넷신문,ABC,
K스피릿,인터넷신문,ABC,
SR타임스,인터넷신문,ABC,
中요한 기자들,스포츠/연예,ABC,
美스테리한 기자들,스포츠/연예,ABC,
게임메카,스포츠/연예,ㄱ,
경성대 미식축구부 월간용광로,스포츠/연예,ㄱ,
경주한수원축구단,스포츠/연예,ㄱ,
경향게임스,스포츠/연예,ㄱ,
고려대학교 SPORTS KU,스포츠/연예,ㄱ,
골닷컴,스포츠/연예,ㄱ,
골프다이제스트,스포츠/연예,ㄱ,
골프타임즈,스포츠/연예,ㄱ,
국민체육진흥공단,스포츠/연예,ㄱ,
김포FC,스포츠/연예,ㄱ,
김형준 칼럼,스포츠/연예,ㄱ,
김환 칼럼,스포츠/연예,ㄱ,
네이버스포츠,스포츠/연예,ㄴ,
뉴스엔,스포츠/연예,ㄴ,
뉴스인사이드,스포츠/연예,ㄴ,
단국대학교 웅담,스포츠/연예,ㄷ,
대한게이트볼협회,스포츠/연예,ㄷ,
대한골프협회,스포츠/연예,ㄷ,
대한민국농구협회,스포츠/연예,ㄷ,
대한민국배구협회,스포츠/연예,ㄷ,
대한봅슬레이스켈레톤경기연맹,스포츠/연예,ㄷ,
대한택견회,스포츠/연예,ㄷ,
더 스파이크,스포츠/연예,ㄷ,
데일리e스포츠,스포츠/연예,ㄷ,
데일리스포츠한국,스포츠/연예,ㄷ,
도엔,스포츠/연예,ㄷ,
동국대학교 다르마,스포츠/연예,ㄷ,
디스이즈게임,스포츠/연예,ㄷ,
디스패치,스포츠/연예,ㄷ,
루키,스포츠/연예,ㄹ,
류현진 MLB 일기,스포츠/연예,ㄹ,
마니아타임즈,스포츠/연예,ㅁ,
마이데일리,스포츠/연예,ㅁ,
맨체스터시티 FC,스포츠/연예,ㅁ,
몬스터짐,스포츠/연예,ㅁ,
무비스트,스포츠/연예,ㅁ,
바스켓코리아,스포츠/연예,ㅂ,
박문성 칼럼,스포츠/연예,ㅂ,
발렌시아CF,스포츠/연예,ㅂ,
베스트일레븐,스포츠/연예,ㅂ,
보루시아 도르트문트,스포츠/연예,ㅂ,
브라이언 스털,스포츠/연예,ㅂ,
비즈볼프로젝트,스포츠/연예,ㅂ,
비즈엔터,스포츠/연예,ㅂ,
삼성 썬더스,스포츠/연예,ㅅ,
서형욱 칼럼,스포츠/연예,ㅅ,
서호정 칼럼,스포츠/연예,ㅅ,
선문대학교 축구부 프론트,스포츠/연예,ㅅ,
성호준 칼럼,스포츠/연예,ㅅ,
셀틱FC,스포츠/연예,ㅅ,
손대범 칼럼,스포츠/연예,ㅅ,
송산의 돌직구,스포츠/연예,ㅅ,
수원대학교 축구부 기자단,스포츠/연예,ㅅ,
스타뉴스,스포츠/연예,ㅅ,
스타데일리뉴스,스포츠/연예,ㅅ,
스타캐스트,스포츠/연예,ㅅ,
스포츠Q,스포츠/연예,ㅅ,
스포츠W,스포츠/연예,ㅅ,
스포츠경향,스포츠/연예,ㅅ,
스포츠동아,스포츠/연예,ㅅ,
스포츠서울,스포츠/연예,ㅅ,
스포츠월드,스포츠/연예,ㅅ,
스포츠조선,스포츠/연예,ㅅ,
스포츠춘추,스포츠/연예,ㅅ,
스포츠타임스,스포츠/연예,ㅅ,
스포츠투데이,스포츠/연예,ㅅ,
스포츠투아이,스포츠/연예,ㅅ,
스포츠한국,스포츠/연예,ㅅ,
스포탈코리아,스포츠/연예,ㅅ,
스포티비뉴스,스포츠/연예,ㅅ,
아시아리그,스포츠/연예,ㅇ,
아이즈 ize,스포츠/연예,ㅇ,
아주대 축구부 프론트,스포츠/연예,ㅇ,
안산그리너스FC,스포츠/연예,ㅇ,
알베르토 몬디,스포츠/연예,ㅇ,
앤드류 배걸리,스포츠/연예,ㅇ,
앳스타일,스포츠/연예,ㅇ,
야덕일지,스포츠/연예,ㅇ,
야큐 리포트,스포츠/연예,ㅇ,
양주시민축구단,스포츠/연예,ㅇ,
엑스포츠뉴스,스포츠/연예,ㅇ,
엔젤스파이팅,스포츠/연예,ㅇ,
염용근 칼럼,스포츠/연예,ㅇ,
영남대 축구부 홍보단,스포츠/연예,ㅇ,
영독한 기자들,스포츠/연예,ㅇ,
올림픽채널,스포츠/연예,ㅇ,
용인대스포츠기자단,스포츠/연예,ㅇ,
울산대학교 어스키퍼,스포츠/연예,ㅇ,
울산시민축구단,스포츠/연예,ㅇ,
위원석 칼럼,스포츠/연예,ㅇ,
이덕규 칼럼,스포츠/연예,ㅇ,
이영미 칼럼,스포츠/연예,ㅇ,
이은경 칼럼,스포츠/연예,ㅇ,
이종열 칼럼,스포츠/연예,ㅇ,
이창섭 칼럼,스포츠/연예,ㅇ,
인간vs축봇,스포츠/연예,ㅇ,
인벤,스포츠/연예,ㅇ,
인터풋볼,스포츠/연예,ㅇ,
일간스포츠,스포츠/연예,ㅇ,
일요신문 스포츠,스포츠/연예,ㅇ,
점프볼,스포츠/연예,ㅈ,
조석 카툰,스포츠/연예,ㅈ,
조이뉴스24,스포츠/연예,ㅈ,
중앙대학교 SPORTS CAU,스포츠/연예,ㅈ,
천안시청축구단,스포츠/연예,ㅊ,
청주FC,스포츠/연예,ㅊ,
최종준 칼럼,스포츠/연예,ㅊ,
추신수 MLB 일기,스포츠/연예,ㅊ,
축구저널,스포츠/연예,ㅊ,
춘천시민축구단,스포츠/연예,ㅊ,
충주 험멜,스포츠/연예,ㅊ,
케이스타뉴스,스포츠/연예,ㅋ,
콩푸엉 일기,스포츠/연예,ㅋ,
킹존 드래곤X,스포츠/연예,ㅋ,
테니스코리아,스포츠/연예,ㅌ,
테니스피플,스포츠/연예,ㅌ,
텐아시아,스포츠/연예,ㅌ,
톱스타뉴스,스포츠/연예,ㅌ,
티브이데일리,스포츠/연예,ㅌ,
페퍼저축은행 AI 페퍼스,스포츠/연예,ㅍ,
포모스,스포츠/연예,ㅍ,
포포투,스포츠/연예,ㅍ,
풋볼리스트,스포츠/연예,ㅍ,
피파+,스포츠/연예,ㅍ,
한게임 바둑,스포츠/연예,ㅎ,
한국3대3농구연맹,스포츠/연예,ㅎ,
한국배구연맹,스포츠/연예,ㅎ,
한국스포츠개발원,스포츠/연예,ㅎ,
한국체대 KNSB,스포츠/연예,ㅎ,
한국풋살연맹,스포츠/연예,ㅎ,
한국프로볼링협회,스포츠/연예,ㅎ,
한국프로축구선수협회,스포츠/연예,ㅎ,
한스경제,스포츠/연예,ㅎ,
한준 칼럼,스포츠/연예,ㅎ,
한화생명e스포츠,스포츠/연예,ㅎ,
헤럴드POP,스포츠/연예,ㅎ,
홍기자 칼럼,스포츠/연예,ㅎ,
홍익대 홍대신문,스포츠/연예,ㅎ,
흥국생명 핑크스파이더스,스포츠/연예,ㅎ,
JTBC GOLF,스포츠/연예,ABC,
KBS 연예,스포츠/연예,ABC,
KBSN 스포츠,스포츠/연예,ABC,
KGC인삼공사프로배구단,스포츠/연예,ABC,
MBC SPORTS+,스포츠/연예,ABC,
MBC연예,스포츠/연예,ABC,
MHN스포츠,스포츠/연예,ABC,
MK스포츠,스포츠/연예,ABC,
OBS TV,스포츠/연예,ABC,
OSEN,스포츠/연예,ABC,
RANK5,스포츠/연예,ABC,
SBS Golf,스포츠/연예,ABC,
SBS SPORTS,스포츠/연예,ABC,
SBS연예뉴스,스포츠/연예,ABC,
STAT 칼럼,스포츠/연예,ABC,
STN 스포츠,스포츠/연예,ABC,
Team LoL 칼럼,스포츠/연예,ABC,
The Sun,스포츠/연예,ABC,
TV리포트,스포츠/연예,ABC,
강원도민일보,지역지,ㄱ,강원
강원일보,지역지,ㄱ,강원
경기신문,지역지,ㄱ,경기
경기일보,지역지,ㄱ,경기
경남도민신문,지역지,ㄱ,경남
경남도민일보,지역지,ㄱ,경남
경남매일신문,지역지,ㄱ,경남
경남신문,지역지,ㄱ,경남
경남일보,지역지,ㄱ,경남
경북도민일보,지역지,ㄱ,경북
경북매일신문,지역지,ㄱ,경북
경북신문,지역지,ㄱ,경북
경북일보,지역지,ㄱ,경북
경상매일신문,지역지,ㄱ,경북
경상일보,지역지,ㄱ,울산
경인일보,지역지,ㄱ,경기
고양신문,지역지,ㄱ,경기
광주드림,지역지,ㄱ,광주
광주매일신문,지역지,ㄱ,광주
국제신문,지역지,ㄱ,부산
군포시민신문,지역지,ㄱ,경기
굿모닝충청,지역지,ㄱ,대전
금강일보,지역지,ㄱ,대전
기호일보,지역지,ㄱ,인천
김해뉴스,지역지,ㄱ,경남
남도일보,지역지,ㄴ,광주
뉴스경남,지역지,ㄴ,경남
뉴스저널리즘,지역지,ㄴ,
뉴제주일보,지역지,ㄴ,제주
당진시대,지역지,ㄷ,충남
당진신문,지역지,ㄷ,충남
대경일보,지역지,ㄷ,경북
대구MBC,지역지,ㄷ,대구
대구신문,지역지,ㄷ,대구
대구일보,지역지,ㄷ,대구
대전시티저널,지역지,ㄷ,대전
대전일보,지역지,ㄷ,대전
동양일보,지역지,ㄷ,충북
디트뉴스24,지역지,ㄷ,대전
라디오코리아,지역지,ㄹ,
매일신문,지역지,ㅁ,대구
무등일보,지역지,ㅁ,광주
미디어제주,지역지,ㅁ,제주
미주중앙일보,지역지,ㅁ,
미주한국일보,지역지,ㅁ,
부산일보,지역지,ㅂ,부산
새전북신문,지역지,ㅅ,전북
성주신문,지역지,ㅅ,경북
시민의소리,지역지,ㅅ,광주
시사제주,지역지,ㅅ,
양산신문,지역지,ㅇ,경남
영남일보,지역지,ㅇ,대구
울산매일,지역지,ㅇ,울산
울산제일일보,지역지,ㅇ,울산
인천일보,지역지,ㅇ,인천
인천투데이,지역지,ㅇ,인천
전남일보,지역지,ㅈ,광주
전라일보,지역지,ㅈ,전북
전민일보,지역지,ㅈ,전북
전북도민일보,지역지,ㅈ,전북
전북일보,지역지,ㅈ,전북
전북중앙,지역지,ㅈ,전북
전주MBC,지역지,ㅈ,전북
제민일보,지역지,ㅈ,제주
제주도민일보,지역지,ㅈ,제주
제주매일,지역지,ㅈ,제주
제주의소리,지역지,ㅈ,제주
제주일보,지역지,ㅈ,제주
중도일보,지역지,ㅈ,대전
중부매일,지역지,ㅈ,충북
중부일보,지역지,ㅈ,경기
충남일보,지역지,ㅊ,대전
충북일보,지역지,ㅊ,충북
충청리뷰,지역지,ㅊ,충북
충청매일,지역지,ㅊ,충북
충청일보,지역지,ㅊ,충북
충청타임즈,지역지,ㅊ,충북
충청투데이,지역지,ㅊ,대전
헤드라인제주,지역지,ㅎ,제주
CJB청주방송,지역지,ABC,충북
JIBS,지역지,ABC,제주
kbc광주방송,지역지,ABC,광주
MS투데이,지역지,ABC,강원
VOA,지역지,ABC,
골프저널,매거진,ㄱ,
공학저널,매거진,ㄱ,
낚시춘추,매거진,ㄴ,
농업정보신문,매거진,ㄴ,
더뮤지컬,매거진,ㄷ,
더스쿠프,매거진,ㄷ,
더핑퐁,매거진,ㄷ,
디자인정글,매거진,ㄷ,
레이디경향,매거진,ㄹ,
르몽드 디플로마티크,매거진,ㄹ,
마리끌레르,매거진,ㅁ,
매경이코노미,매거진,ㅁ,
맥스무비,매거진,ㅁ,
머니,매거진,ㅁ,
메종,매거진,ㅁ,
브라보마이라이프,매거진,ㅂ,
브레인미디어,매거진,ㅂ,
비지니스코리아,매거진,ㅂ,
빌리어즈,매거진,ㅂ,
소셜밸류,매거진,ㅅ,
시사IN,매거진,ㅅ,
시사매거진,매거진,ㅅ,
시사오늘,매거진,ㅅ,
시사저널,매거진,ㅅ,
신동아,매거진,ㅅ,
씨네21,매거진,ㅅ,
아웃도어뉴스,매거진,ㅇ,
에스콰이어,매거진,ㅇ,
엔지니어링데일리,매거진,ㅇ,
엘르,매거진,ㅇ,
엠에프지,매거진,ㅇ,
여성동아,매거진,ㅇ,
여성조선,매거진,ㅇ,
여성중앙,매거진,ㅇ,
여행스케치,매거진,ㅇ,
연합이매진,매거진,ㅇ,
월간 산,매거진,ㅇ,
월간 오디오,매거진,ㅇ,
월간로봇기술,매거진,ㅇ,
월간마이더스,매거진,ㅇ,
월간암,매거진,ㅇ,
월간오늘보다,매거진,ㅇ,
월간조선,매거진,ㅇ,
월간중앙,매거진,ㅇ,
월간현대경영,매거진,ㅇ,
위클리오늘,매거진,ㅇ,
이웃집과학자,매거진,ㅇ,
이코노미스트,매거진,ㅇ,
이코노미조선,매거진,ㅇ,
이코노믹리뷰,매거진,ㅇ,
인사이트코리아,매거진,ㅇ,
인터뷰365,매거진,ㅇ,
일렉트릭파워,매거진,ㅇ,
조선에듀,매거진,ㅈ,
주간경향,매거진,ㅈ,
주간동아,매거진,ㅈ,
주간조선,매거진,ㅈ,
주간한국,매거진,ㅈ,
중앙SUNDAY,매거진,ㅈ,
지이코노미,매거진,ㅈ,
참여와혁신,매거진,ㅊ,
채널예스,매거진,ㅊ,
카스포인트,매거진,ㅋ,
테크M,매거진,ㅌ,
트래비,매거진,ㅌ,
팜앤마켓매거진,매거진,ㅍ,
패션비즈,매거진,ㅍ,
패션저널,매거진,ㅍ,
포브스코리아,매거진,ㅍ,
포춘코리아,매거진,ㅍ,
하퍼스바자,매거진,ㅎ,
한겨레21,매거진,ㅎ,
한경비즈니스,매거진,ㅎ,
한경잡앤조이,매거진,ㅎ,
헬로티,매거진,ㅎ,
allure,매거진,ABC,
CHIEF EXECUTIVE,매거진,ABC,
CNB저널(문화경제),매거진,ABC,
GQ,매거진,ABC,
M이코노미뉴스,매거진,ABC,
PC사랑,매거진,ABC,
Queen 이코노미퀸,매거진,ABC,
Tomorrow,매거진,ABC,
topclass,매거진,ABC,
VOGUE,매거진,ABC,
VOGUE girl,매거진,ABC,
W,매거진,ABC,
가스신문,전문지/기타,ㄱ,
가톨릭뉴스 지금여기,전문지/기타,ㄱ,
가톨릭신문,전문지/기타,ㄱ,
건설타임즈,전문지/기타,ㄱ,
게임뷰,전문지/기타,ㄱ,
게임샷,전문지/기타,ㄱ,
게임플,전문지/기타,ㄱ,
경기메디뉴스,전문지/기타,ㄱ,
경희대학교 레굴루스,전문지/기타,ㄱ,
골프산업신문,전문지/기타,ㄱ,
공감신문,전문지/기타,ㄱ,
광운대학교 아르마스,전문지/기타,ㄱ,
교수신문,전문지/기타,ㄱ,
국민의당,전문지/기타,ㄱ,
국방일보,전문지/기타,ㄱ,
국토일보,전문지/기타,ㄱ,
국회,전문지/기타,ㄱ,
그린포스트코리아,전문지/기타,ㄱ,
기자협회보,전문지/기타,ㄱ,
나무신문,전문지/기타,ㄴ,
노동과세계,전문지/기타,ㄴ,
논객닷컴,전문지/기타,ㄴ,
농기자재신문,전문지/기타,ㄴ,
농민신문,전문지/기타,ㄴ,
농수축산신문,전문지/기타,ㄴ,
농장에서식탁까지,전문지/기타,ㄴ,
농축유통신문,전문지/기타,ㄴ,
뉴스브라이트,전문지/기타,ㄴ,
뉴스와이어,전문지/기타,ㄴ,
뉴스컬처,전문지/기타,ㄴ,
뉴스타파,전문지/기타,ㄴ,
뉴스포스트,전문지/기타,ㄴ,
대명 킬러웨일즈,전문지/기타,ㄷ,
대안신당,전문지/기타,ㄷ,
대한급식신문,전문지/기타,ㄷ,
대한럭비협회,전문지/기타,ㄷ,
대한씨름협회,전문지/기타,ㄷ,
대한장애인체육회,전문지/기타,ㄷ,
대한체육회,전문지/기타,ㄷ,
더게임스데일리,전문지/기타,ㄷ,
더나은미래,전문지/기타,ㄷ,
더불어민주당,전문지/기타,ㄷ,
더불어시민당,전문지/기타,ㄷ,
더스탁,전문지/기타,ㄷ,
더페어,전문지/기타,ㄷ,
데이터뉴스,전문지/기타,ㄷ,
데일리NK,전문지/기타,ㄷ,
데일리굿뉴스,전문지/기타,ㄷ,
데일리로그,전문지/기타,ㄷ,
데일리메디,전문지/기타,ㄷ,
데일리벳,전문지/기타,ㄷ,
데일리시큐,전문지/기타,ㄷ,
데일리카,전문지/기타,ㄷ,
데일리포스트,전문지/기타,ㄷ,
데일리환경,전문지/기타,ㄷ,
독서신문,전문지/기타,ㄷ,
동아사이언스,전문지/기타,ㄷ,
디일렉,전문지/기타,ㄷ,
라온신문,전문지/기타,ㄹ,
라이브팜뉴스,전문지/기타,ㄹ,
라포르시안,전문지/기타,ㄹ,
레디앙,전문지/기타,ㄹ,
로리더,전문지/기타,ㄹ,
로이슈,전문지/기타,ㄹ,
리걸타임즈,전문지/기타,ㄹ,
리얼캐스트,전문지/기타,ㄹ,
매경헬스,전문지/기타,ㅁ,
매일건설신문,전문지/기타,ㅁ,
메디칼업저버,전문지/기타,ㅁ,
메디칼타임즈,전문지/기타,ㅁ,
메디칼트리뷴,전문지/기타,ㅁ,
메디컬월드뉴스,전문지/기타,ㅁ,
메디컬투데이,전문지/기타,ㅁ,
메디파나뉴스,전문지/기타,ㅁ,
무비위크,전문지/기타,ㅁ,
무카스,전문지/기타,ㅁ,
문학뉴스,전문지/기타,ㅁ,
문화뉴스,전문지/기타,ㅁ,
물류신문,전문지/기타,ㅁ,
미디어스,전문지/기타,ㅁ,
미디어파인,전문지/기타,ㅁ,
미래통합당,전문지/기타,ㅁ,
민생당,전문지/기타,ㅁ,
민족의학신문,전문지/기타,ㅁ,
민주평화당,전문지/기타,ㅁ,
민중당,전문지/기타,ㅁ,
바른정당,전문지/기타,ㅂ,
반론보도닷컴,전문지/기타,ㅂ,
방송기술저널,전문지/기타,ㅂ,
백세시대,전문지/기타,ㅂ,
법률신문,전문지/기타,ㅂ,
법률저널,전문지/기타,ㅂ,
법보신문,전문지/기타,ㅂ,
법조신문,전문지/기타,ㅂ,
베리타스알파,전문지/기타,ㅂ,
베이비뉴스,전문지/기타,ㅂ,
베이비타임즈,전문지/기타,ㅂ,
보건뉴스,전문지/기타,ㅂ,
보험매일,전문지/기타,ㅂ,
부안독립신문,전문지/기타,ㅂ,전북
불교신문,전문지/기타,ㅂ,
뷰티경제,전문지/기타,ㅂ,
비건뉴스,전문지/기타,ㅂ,
비즈월드,전문지/기타,ㅂ,
빅터뉴스,전문지/기타,ㅂ,
사이언스타임즈,전문지/기타,ㅅ,
새로운보수당,전문지/기타,ㅅ,
서울문화투데이,전문지/기타,ㅅ,
서울시체육회,전문지/기타,ㅅ,
서울유나이티드,전문지/기타,ㅅ,
성균관대학교 ESKAKA,전문지/기타,ㅅ,
세이프타임즈,전문지/기타,ㅅ,
세정신문,전문지/기타,ㅅ,
세정일보,전문지/기타,ㅅ,
셀럽미디어,전문지/기타,ㅅ,
소년한국일보,전문지/기타,ㅅ,
스카우팅리포트,전문지/기타,ㅅ,
식품저널 foodnews,전문지/기타,ㅅ,
신소재경제신문,전문지/기타,ㅅ,
신화사 연합뉴스,전문지/기타,ㅅ,
싱글리스트,전문지/기타,ㅅ,
아파트관리신문,전문지/기타,ㅇ,
안산무궁화프로축구단,전문지/기타,ㅇ,
알티케이뉴스,전문지/기타,ㅇ,
애슬릿미디어,전문지/기타,ㅇ,
약사공론,전문지/기타,ㅇ,
약업신문,전문지/기타,ㅇ,
양평시민의소리,전문지/기타,ㅇ,경기
어린이동아,전문지/기타,ㅇ,
어업IN수산,전문지/기타,ㅇ,
어패럴뉴스,전문지/기타,ㅇ,
업다운뉴스,전문지/기타,ㅇ,
에너지신문,전문지/기타,ㅇ,
에너지플랫폼뉴스,전문지/기타,ㅇ,
에듀동아,전문지/기타,ㅇ,
에이블뉴스,전문지/기타,ㅇ,
여성소비자신문,전문지/기타,ㅇ,
여성신문,전문지/기타,ㅇ,
여행신문,전문지/기타,ㅇ,
연세대학교 시스붐바,전문지/기타,ㅇ,
연합인포맥스,전문지/기타,ㅇ,
열린민주당,전문지/기타,ㅇ,
오토타임즈,전문지/기타,ㅇ,
올치올치,전문지/기타,ㅇ,
우드플래닛,전문지/기타,ㅇ,
우리공화당,전문지/기타,ㅇ,
원불교신문,전문지/기타,ㅇ,
원예산업신문,전문지/기타,ㅇ,
월간노동법률,전문지/기타,ㅇ,
월간불광,전문지/기타,ㅇ,
월간원예,전문지/기타,ㅇ,
월드코리안신문,전문지/기타,ㅇ,
월요신문,전문지/기타,ㅇ,
위드인뉴스,전문지/기타,ㅇ,
위클리한국주택경제신문,전문지/기타,ㅇ,
유교신문,전문지/기타,ㅇ,
의약뉴스,전문지/기타,ㅇ,
의학신문,전문지/기타,ㅇ,
의협신문,전문지/기타,ㅇ,
이코노타임즈,전문지/기타,ㅇ,
일간NTN,전문지/기타,ㅇ,
일다,전문지/기타,ㅇ,
일요서울,전문지/기타,ㅇ,
일요시사,전문지/기타,ㅇ,
일요신문,전문지/기타,ㅇ,
잡포스트,전문지/기타,ㅈ,
장애인신문,전문지/기타,ㅈ,
재외동포신문,전문지/기타,ㅈ,
재해재난속보,전문지/기타,ㅈ,
전기신문,전문지/기타,ㅈ,
정신의학신문,전문지/기타,ㅈ,
정의당,전문지/기타,ㅈ,
정책브리핑,전문지/기타,ㅈ,
중소기업뉴스,전문지/기타,ㅈ,
중앙일보 헬스미디어,전문지/기타,ㅈ,
참세상,전문지/기타,ㅊ,
철강금속신문,전문지/기타,ㅊ,
청년의사,전문지/기타,ㅊ,
청와대,전문지/기타,ㅊ,
축산경제신문,전문지/기타,ㅊ,
치과신문,전문지/기타,ㅊ,
친박신당,전문지/기타,ㅊ,
컨슈머타임스,전문지/기타,ㅋ,
코나스,전문지/기타,ㅋ,
코리아넷,전문지/기타,ㅋ,
코리아쉬핑가제트,전문지/기타,ㅋ,
코리아중앙데일리,전문지/기타,ㅋ,
코리아타임스,전문지/기타,ㅋ,
코리아헤럴드,전문지/기타,ㅋ,
코리아헬스로그,전문지/기타,ㅋ,
코메디닷컴,전문지/기타,ㅋ,
쿠키뉴스,전문지/기타,ㅋ,
쿡앤셰프,전문지/기타,ㅋ,
크리스천투데이,전문지/기타,ㅋ,
택스워치,전문지/기타,ㅌ,
통일뉴스,전문지/기타,ㅌ,
투데이e코노믹,전문지/기타,ㅌ,
투어코리아뉴스,전문지/기타,ㅌ,
트래블투데이,전문지/기타,ㅌ,
파이낸셜포스트,전문지/기타,ㅍ,
파이낸스투데이,전문지/기타,ㅍ,
퍼블릭뉴스,전문지/기타,ㅍ,
페로타임즈,전문지/기타,ㅍ,
평화뉴스,전문지/기타,ㅍ,대구
포인트데일리,전문지/기타,ㅍ,
플래텀,전문지/기타,ㅍ,
플레이디비,전문지/기타,ㅍ,
피앤피뉴스,전문지/기타,ㅍ,
필드뉴스,전문지/기타,ㅍ,
하우징헤럴드,전문지/기타,ㅎ,
하이닥,전문지/기타,ㅎ,
한국교육신문,전문지/기타,ㅎ,
한국금융신문,전문지/기타,ㅎ,
한국기독공보,전문지/기타,ㅎ,
한국농어민신문,전문지/기타,ㅎ,
한국농업신문,전문지/기타,ㅎ,
한국농정신문,전문지/기타,ㅎ,
한국농촌경제신문,전문지/기타,ㅎ,
한국대학스포츠협의회,전문지/기타,ㅎ,
한국대학신문,전문지/기타,ㅎ,
한국면세뉴스,전문지/기타,ㅎ,
한국목재신문,전문지/기타,ㅎ,
한국무역신문,전문지/기타,ㅎ,
한국보험신문,전문지/기타,ㅎ,
한국섬유신문,전문지/기타,ㅎ,
한국스포츠통신,전문지/기타,ㅎ,
한국아파트신문,전문지/기타,ㅎ,
한국영농신문,전문지/기타,ㅎ,
한국원자력신문,전문지/기타,ㅎ,
한양대학교 사자후,전문지/기타,ㅎ,
한의신문,전문지/기타,ㅎ,
핸드메이커,전문지/기타,ㅎ,
헤모필리아라이프,전문지/기타,ㅎ,
헬스경향,전문지/기타,ㅎ,
헬스조선,전문지/기타,ㅎ,
현대불교신문,전문지/기타,ㅎ,
현대해양,전문지/기타,ㅎ,
화이트페이퍼,전문지/기타,ㅎ,
후생신보,전문지/기타,ㅎ,
CTS,전문지/기타,ABC,
EBN,전문지/기타,ABC,
ESG경제,전문지/기타,ABC,
EV라운지,전문지/기타,ABC,
e의료정보,전문지/기타,ABC,
FPN,전문지/기타,ABC,
FT스포츠,전문지/기타,ABC,
IT동아,전문지/기타,ABC,
KBR,전문지/기타,ABC,
Korea IT Times,전문지/기타,ABC,
KOTRA해외시장뉴스,전문지/기타,ABC,
kt 롤스터,전문지/기타,ABC,
PD저널,전문지/기타,ABC,
RPM9,전문지/기타,ABC,
S-저널,전문지/기타,ABC,
SPACE(공간),전문지/기타,ABC,
The New York Times,전문지/기타,ABC,
THE PR,전문지/기타,ABC,
한라일보,지역지,ㅎ,제주
